<?xml version="1.0" encoding="UTF-8"?>
<component name="RowListItemComponent" extends="group">

<script type = "text/brightscript" >

    <![CDATA[
    sub setContent()
        m.top.FindNode("poster").uri = m.top.itemcontent.hdPosterURL
        m.top.FindNode("namelabel").text = m.top.itemcontent.title
        m.top.FindNode("genrelabel").text = m.top.itemcontent.ShortDescriptionLine1

        
    end sub
    ]]>

  </script>

    <interface>
        <field id="itemContent" type="node" onChange="setContent" />
        
    </interface>
    
    <children>

    <layoutgroup layoutDirection="vert" itemSpacings="[10]">
        <poster id="poster"
            height="135"
            loadWidth="240"
            loadheight="135"
            loadDisplayMode="limitsize"
            width="240"
            opacity="1.0">
        </poster>
        <layoutgroup layoutDirection="vert">

        <label id="namelabel" height="30" width="240" wrap="true" font="font:SmallboldSystemFont" horizAlign = "left" color="0xffffff"
            vertAlign = "center"
            translation="[118,8]"/>
            <label id="genrelabel"  height="20" width="240" wrap="true" font="font:SmallestSystemFont" horizAlign = "center" color="0xffb366"
            vertAlign = "center"
            translation="[118,8]"/>
        </layoutgroup>
     </layoutgroup>

    </children>

    
</component>