<?xml version = "1.0" encoding = "utf-8" ?> 

<!--********** Copyright 2016 Roku Corp.  All Rights Reserved. **********-->

<component name = "MenuExample" extends = "Scene" >
<interface>
  <field id="focusable" type="boolean"  alwaysnotify="true"/>
</interface>

  <script type="text/brightscript" uri="homescene.brs" />
  <script type="text/brightscript" uri="pkg:/components/UIcontroller/videoplayercontroller.brs" />
  <script type="text/brightscript" uri="pkg:/components/UIcontroller/screenstackLogic.brs" />

  <children >

      <label id="moMatchResultGroup" text="OOPS! No matching result found" translation="[636,321]" visible="false"/>

       <label id="nofiltercriteriaLabel"
        wrap="true"
        color="0xff0000"
        translation="[25,513]"
        height="40.00"
        width="394.00"
        visible="false"
        linespacing="-8"
        />

  </children>

</component>
