<?xml version = "1.0" encoding = "utf-8" ?> 

<!--********** Copyright 2016 Roku Corp.  All Rights Reserved. **********-->

<component name = "basescene" extends = "group" initialFocus="MarkupGrid">
<interface>
 
  <field id="filterdata" type="node" alias="CheckListFilter.content" />
  <field id="gridData" type="node" alias="MarkupGrid.content" alwaysnotify="true" onchange="updatefocus"/>
  <field id="filtercriteria" type="assocarray" />
  <field id="itemselected" type="integer" alias="MarkupGrid.itemselected" />
  <field id="noFilterCriteriaFound" type="string" alwaysnotify="true" />
  <field id="noresultFound" type="boolean" alias="filter.focusable" alwaysnotify="true" />
  
</interface>

  <script type="text/brightscript" uri="basescene.brs" />
  <children >


      <poster uri="pkg:/images/fileter9Patch.png" height="720" width="450" >
      <label text="Search By Genre: " color="0x00ff00" width="400" font="font:SmallBoldSystemFont" horizalign="center" translation="[0,60]"/> 
      <label text="Search By song name/artist: " color="0x00ff00" font="font:SmallBoldSystemFont" width="400" horizalign="center" translation="[20,440]"/> 

      <group id="filter">
            <CheckList id = "CheckListFilter" translation="[34,84]" font="font:SmallSystemFont" numRows="8" itemSize="[350,40]" vertFocusAnimationStyle="floatingFocus"/>
            <TextEditBox id = "TextEditBox" translation="[23,465]" width = "400" hintText = "Enter Name to filter e.g All in" clearOnDownKey="false"/> 
            <Button id = "applyeButton" translation="[151,542]" text = "Apply" showFocusFootprint = "true" minWidth = "120" iconuri="" focusedIconUri="" height="34"/>
      </group>
      <rectangle translation="[23,578]" id="hintarea" width="400" height="122" opacity="0.2" color="0xC70039">
            <label id="hint" lineSpacing="0.5" inheritparentopacity="false" width="400" height="125" wrap="true" font="font:SmallestSystemFont"/>
      </rectangle>

      </poster>


      <poster uri="pkg:/images/fileter9Patch.png" translation="[407,0]" height="720" width="880" />

      <MarkupGrid 
      id = "MarkupGrid" 
      translation="[454,60]"
      itemComponentName = "RowListItemComponent" 
      numColumns = "3" 
      numRows = "3" 
      itemSize="[240,135]" 
      itemSpacing = "[ 20, 80 ]" 
      drawFocusFeedback = "true"
      wrapDividerWidth="200"
      vertFocusAnimationStyle="fixedFocus"/>

   

      <StandardKeyboardDialog id="keyboard"
                    width="1020" height="565" visible="false" />
  </children>

</component>
